<?xml version="1.0" encoding="UTF-8"?>
<mapred>
    <!-- profile -->
    <baseId>95d029e8ba1a94dfcb7a33a1cbb86e31</baseId>
    <projectId>4182</projectId>
    <resourceName>local_train</resourceName>
    <idePath>工作流/mr</idePath>

    <!-- classes -->
    <jobLauncher>my.group.local_train.JobLauncher</jobLauncher>
    <mapper>my.group.local_train.MyMapper</mapper>
    <reducer>my.group.local_train.MyReducer</reducer>
    <combiner>my.group.local_train.MyCombiner</combiner>


    <!--task-->
    <mapOutputKey>uid:string,mid:string,blogtime:string</mapOutputKey>
    <mapOutputValue>blog:string,blog_len:double</mapOutputValue>

    <!-- tables -->
    <inputTables>
        <table>
            <name>weibo_blog_data_local_train</name>
        </table>
    </inputTables>
    <outputTable>
        <name>weibo_test_blog_content_feather</name>
    </outputTable>
</mapred>
